file_path,method
/curator-client/src/test/java/org/apache/curator/TestRetryLoop.java,mock
/curator-client/src/test/java/org/apache/curator/TestRetryLoop.java,verify
/curator-client/src/test/java/org/apache/curator/TestRetryLoop.java,times
/curator-client/src/test/java/org/apache/curator/BasicTests.java,mock
/curator-client/src/test/java/org/apache/curator/TestEnsurePath.java,mock
/curator-client/src/test/java/org/apache/curator/TestEnsurePath.java,mock
/curator-client/src/test/java/org/apache/curator/TestEnsurePath.java,thenReturn
/curator-client/src/test/java/org/apache/curator/TestEnsurePath.java,when
/curator-client/src/test/java/org/apache/curator/TestEnsurePath.java,thenReturn
/curator-client/src/test/java/org/apache/curator/TestEnsurePath.java,when
/curator-client/src/test/java/org/apache/curator/TestEnsurePath.java,thenReturn
/curator-client/src/test/java/org/apache/curator/TestEnsurePath.java,when
/curator-client/src/test/java/org/apache/curator/TestEnsurePath.java,mock
/curator-client/src/test/java/org/apache/curator/TestEnsurePath.java,thenReturn
/curator-client/src/test/java/org/apache/curator/TestEnsurePath.java,when
/curator-client/src/test/java/org/apache/curator/TestEnsurePath.java,any
/curator-client/src/test/java/org/apache/curator/TestEnsurePath.java,anyBoolean
/curator-client/src/test/java/org/apache/curator/TestEnsurePath.java,verify
/curator-client/src/test/java/org/apache/curator/TestEnsurePath.java,times
/curator-client/src/test/java/org/apache/curator/TestEnsurePath.java,any
/curator-client/src/test/java/org/apache/curator/TestEnsurePath.java,anyBoolean
/curator-client/src/test/java/org/apache/curator/TestEnsurePath.java,verifyNoMoreInteractions
/curator-client/src/test/java/org/apache/curator/TestEnsurePath.java,verifyNoMoreInteractions
/curator-client/src/test/java/org/apache/curator/TestEnsurePath.java,mock
/curator-client/src/test/java/org/apache/curator/TestEnsurePath.java,mock
/curator-client/src/test/java/org/apache/curator/TestEnsurePath.java,thenReturn
/curator-client/src/test/java/org/apache/curator/TestEnsurePath.java,when
/curator-client/src/test/java/org/apache/curator/TestEnsurePath.java,thenReturn
/curator-client/src/test/java/org/apache/curator/TestEnsurePath.java,when
/curator-client/src/test/java/org/apache/curator/TestEnsurePath.java,thenReturn
/curator-client/src/test/java/org/apache/curator/TestEnsurePath.java,when
/curator-client/src/test/java/org/apache/curator/TestEnsurePath.java,mock
/curator-client/src/test/java/org/apache/curator/TestEnsurePath.java,thenAnswer
/curator-client/src/test/java/org/apache/curator/TestEnsurePath.java,when
/curator-client/src/test/java/org/apache/curator/TestEnsurePath.java,any
/curator-client/src/test/java/org/apache/curator/TestEnsurePath.java,anyBoolean
/curator-client/src/test/java/org/apache/curator/TestEnsurePath.java,verify
/curator-client/src/test/java/org/apache/curator/TestEnsurePath.java,times
/curator-client/src/test/java/org/apache/curator/TestEnsurePath.java,any
/curator-client/src/test/java/org/apache/curator/TestEnsurePath.java,anyBoolean
/curator-client/src/test/java/org/apache/curator/TestEnsurePath.java,verifyNoMoreInteractions
/curator-client/src/test/java/org/apache/curator/TestEnsurePath.java,verifyNoMoreInteractions
/curator-framework/src/test/java/org/apache/curator/framework/imps/TestWatcherIdentity.java,mock
/curator-framework/src/test/java/org/apache/curator/framework/imps/TestWatcherIdentity.java,verify
/curator-framework/src/test/java/org/apache/curator/framework/imps/TestWatcherIdentity.java,times
/curator-framework/src/test/java/org/apache/curator/framework/imps/TestWatcherIdentity.java,timeout
/curator-framework/src/test/java/org/apache/curator/framework/imps/TestWatcherIdentity.java,any
/curator-framework/src/test/java/org/apache/curator/framework/imps/TestWatcherIdentity.java,verify
/curator-framework/src/test/java/org/apache/curator/framework/imps/TestWatcherIdentity.java,times
/curator-framework/src/test/java/org/apache/curator/framework/imps/TestWatcherIdentity.java,timeout
/curator-framework/src/test/java/org/apache/curator/framework/imps/TestWatcherIdentity.java,any
/curator-framework/src/test/java/org/apache/curator/framework/imps/TestWatcherIdentity.java,mock
/curator-framework/src/test/java/org/apache/curator/framework/imps/TestWatcherIdentity.java,verify
/curator-framework/src/test/java/org/apache/curator/framework/imps/TestWatcherIdentity.java,times
/curator-framework/src/test/java/org/apache/curator/framework/imps/TestWatcherIdentity.java,timeout
/curator-framework/src/test/java/org/apache/curator/framework/imps/TestWatcherIdentity.java,any
/curator-recipes/src/test/java/org/apache/curator/framework/recipes/queue/TestDistributedQueue.java,mock
/curator-recipes/src/test/java/org/apache/curator/framework/recipes/queue/TestDistributedQueue.java,mock
/curator-recipes/src/test/java/org/apache/curator/framework/recipes/queue/TestDistributedQueue.java,mock
/curator-recipes/src/test/java/org/apache/curator/framework/recipes/queue/TestDistributedQueue.java,mock
/curator-recipes/src/test/java/org/apache/curator/framework/recipes/queue/TestDistributedQueue.java,mock
/curator-recipes/src/test/java/org/apache/curator/framework/recipes/queue/TestDistributedDelayQueue.java,mock
/curator-recipes/src/test/java/org/apache/curator/framework/recipes/queue/TestDistributedDelayQueue.java,mock
/curator-recipes/src/test/java/org/apache/curator/framework/recipes/queue/TestDistributedDelayQueue.java,mock
/curator-recipes/src/test/java/org/apache/curator/framework/recipes/queue/TestDistributedDelayQueue.java,mock
/curator-recipes/src/test/java/org/apache/curator/framework/recipes/queue/TestDistributedIdQueue.java,mock
/curator-recipes/src/test/java/org/apache/curator/framework/recipes/queue/TestDistributedPriorityQueue.java,mock
/curator-recipes/src/test/java/org/apache/curator/framework/recipes/queue/TestDistributedPriorityQueue.java,mock
/curator-recipes/src/test/java/org/apache/curator/framework/recipes/queue/TestDistributedPriorityQueue.java,mock
